method,n_configs,embed1_MRR,embed2_MRR,delta_MRR,embed1_Recall@1,embed2_Recall@1,delta_Recall@1,embed1_Recall@5,embed2_Recall@5,delta_Recall@5,embed1_Recall@10,embed2_Recall@10,delta_Recall@10,embed1_Recall@100,embed2_Recall@100,delta_Recall@100,embed1_NDCG@1,embed2_NDCG@1,delta_NDCG@1,embed1_NDCG@5,embed2_NDCG@5,delta_NDCG@5,embed1_NDCG@10,embed2_NDCG@10,delta_NDCG@10,embed1_NDCG@100,embed2_NDCG@100,delta_NDCG@100
dense,20,0.5106726529331815,0.5090410305449999,0.0016316223881815126,0.11901319852973535,0.11953528216499995,-0.0005220836352646533,0.31258741094265596,0.31196497886,0.0006224320826560094,0.3936688152593449,0.39316806619000005,0.0005007490693448982,0.5879258621911375,0.58739542354,0.0005304386511375394,0.32133333333333336,0.32126638837000004,6.694496333337924e-05,0.3580922177985254,0.35704614417,0.0010460736285254637,0.3736966837997318,0.37323536989,0.000461313909731792,0.4073795714098126,0.40699878643,0.0003807849798126539
hybrid,20,0.5333736538695976,0.5361152332850001,-0.0027415794154024816,0.12707355621778452,0.12607674747000003,0.0009968087477844757,0.3122592017882159,0.31076505269000004,0.0014941490982159523,0.3835562349179743,0.38306360717,0.0004926277479743325,0.6044440745234924,0.601984425245,0.0024596492784922956,0.3335,0.33233078493,0.0011692150700000376,0.3651110311548672,0.36406396865999996,0.0010470624948671972,0.3758287420751326,0.37599082864000005,-0.00016208656486735862,0.4154874982778144,0.41660900417999996,-0.001121505902185685
sparse,20,0.4884019160279095,0.48841895520000006,-1.7039172090514697e-05,0.11457169259962693,0.11460237921500001,-3.068661537303828e-05,0.2727358927679648,0.27349661061499997,-0.00076071784703521,0.33963491489914854,0.33958830967000003,4.660522914851153e-05,0.49314218385416264,0.4902904620100001,0.0028517218441625357,0.28650000000000003,0.28632510272000006,0.00017489728000000815,0.3136996821508993,0.313201254925,0.0004984272258992922,0.3233526049993351,0.32423091962999995,-0.0008783146306648559,0.3423800326025873,0.34231624151999995,6.379108258735416e-05
