{
  "metadata": {
    "run_id": "20260406_235803",
    "dataset": "arguana",
    "method": "sparse",
    "chunk_size": "original",
    "max_queries": 200,
    "n_docs": 8674,
    "n_queries": 200,
    "top_k": 100,
    "eval_top_k": [
      1,
      5,
      10,
      100
    ],
    "retrieval_time_seconds": 97.406,
    "config_elapsed_seconds": 97.437,
    "device": "cpu",
    "batch_size": null
  },
  "metrics": {
    "n_queries": 200,
    "MRR": 0.17554697148826962,
    "Recall@1": 0.0,
    "NDCG@1": 0.0,
    "Recall@5": 0.38,
    "NDCG@5": 0.1988277574161204,
    "Recall@10": 0.565,
    "NDCG@10": 0.2593271632129822,
    "Recall@100": 0.805,
    "NDCG@100": 0.3113998403448087
  }
}