{
  "metadata": {
    "run_id": "20260406_235803",
    "dataset": "arguana",
    "method": "dense",
    "chunk_size": "chunk_512",
    "max_queries": 200,
    "n_docs": 8744,
    "n_queries": 200,
    "top_k": 100,
    "eval_top_k": [
      1,
      5,
      10,
      100
    ],
    "retrieval_time_seconds": 6.573,
    "config_elapsed_seconds": 7.415,
    "device": "cuda",
    "batch_size": 128
  },
  "metrics": {
    "n_queries": 200,
    "MRR": 0.21959926489348217,
    "Recall@1": 0.0,
    "NDCG@1": 0.0,
    "Recall@5": 0.485,
    "NDCG@5": 0.2521360951365669,
    "Recall@10": 0.69,
    "NDCG@10": 0.3202318461817511,
    "Recall@100": 0.955,
    "NDCG@100": 0.38241448630451025
  }
}