{
  "metadata": {
    "run_id": "20260406_235803",
    "dataset": "dbpedia-entity",
    "method": "dense",
    "chunk_size": "chunk_512",
    "max_queries": 200,
    "n_docs": 4636181,
    "n_queries": 200,
    "top_k": 100,
    "eval_top_k": [
      1,
      5,
      10,
      100
    ],
    "retrieval_time_seconds": 2035.982,
    "config_elapsed_seconds": 2037.181,
    "device": "cuda",
    "batch_size": 128
  },
  "metrics": {
    "n_queries": 200,
    "MRR": 0.7537369199428023,
    "Recall@1": 0.0071988442464181925,
    "NDCG@1": 0.3133333333333336,
    "Recall@5": 0.027961805537051944,
    "NDCG@5": 0.26092024886174686,
    "Recall@10": 0.04679655432587551,
    "NDCG@10": 0.2537706024687927,
    "Recall@100": 0.16750496119011588,
    "NDCG@100": 0.2936495006733865
  }
}