{
  "metadata": {
    "run_id": "20260406_235803",
    "dataset": "arguana",
    "method": "hybrid",
    "chunk_size": "chunk_512",
    "max_queries": 200,
    "n_docs": 8744,
    "n_queries": 200,
    "top_k": 100,
    "eval_top_k": [
      1,
      5,
      10,
      100
    ],
    "retrieval_time_seconds": 105.091,
    "config_elapsed_seconds": 105.77,
    "device": "cuda",
    "batch_size": 128
  },
  "metrics": {
    "n_queries": 200,
    "MRR": 0.20557324062906215,
    "Recall@1": 0.0,
    "NDCG@1": 0.0,
    "Recall@5": 0.445,
    "NDCG@5": 0.23364373591877632,
    "Recall@10": 0.645,
    "NDCG@10": 0.29920871309329256,
    "Recall@100": 0.9625,
    "NDCG@100": 0.36835009461282797
  }
}