{
  "metadata": {
    "run_id": "20260406_235803",
    "dataset": "arguana",
    "method": "sparse",
    "chunk_size": "chunk_128",
    "max_queries": 200,
    "n_docs": 15651,
    "n_queries": 200,
    "top_k": 100,
    "eval_top_k": [
      1,
      5,
      10,
      100
    ],
    "retrieval_time_seconds": 190.574,
    "config_elapsed_seconds": 190.61,
    "device": "cpu",
    "batch_size": null
  },
  "metrics": {
    "n_queries": 200,
    "MRR": 0.16980340563529756,
    "Recall@1": 0.0,
    "NDCG@1": 0.0,
    "Recall@5": 0.31333333333333335,
    "NDCG@5": 0.16489261849408268,
    "Recall@10": 0.45958333333333323,
    "NDCG@10": 0.2174926090376601,
    "Recall@100": 0.7489166666666667,
    "NDCG@100": 0.28798023757901087
  }
}