{
  "metadata": {
    "run_id": "20260406_235803",
    "dataset": "arguana",
    "method": "sparse",
    "chunk_size": "chunk_256",
    "max_queries": 200,
    "n_docs": 9885,
    "n_queries": 200,
    "top_k": 100,
    "eval_top_k": [
      1,
      5,
      10,
      100
    ],
    "retrieval_time_seconds": 136.344,
    "config_elapsed_seconds": 136.377,
    "device": "cpu",
    "batch_size": null
  },
  "metrics": {
    "n_queries": 200,
    "MRR": 0.1748633359271121,
    "Recall@1": 0.0,
    "NDCG@1": 0.0,
    "Recall@5": 0.37,
    "NDCG@5": 0.19232142728050833,
    "Recall@10": 0.5575,
    "NDCG@10": 0.25432976336700597,
    "Recall@100": 0.8158333333333333,
    "NDCG@100": 0.3114740848001465
  }
}