{
  "metadata": {
    "run_id": "20260328_191443",
    "dataset": "scifact",
    "method": "hybrid",
    "chunk_size": "chunk_128",
    "max_queries": 200,
    "n_docs": 11848,
    "n_queries": 200,
    "top_k": 100,
    "eval_top_k": [
      1,
      5,
      10,
      100
    ],
    "retrieval_time_seconds": 60.405,
    "config_elapsed_seconds": 62.31
  },
  "metrics": {
    "n_queries": 200,
    "MRR": 0.697974446426289,
    "Recall@1": 0.2714108946608948,
    "NDCG@1": 0.62,
    "Recall@5": 0.632812049062049,
    "NDCG@5": 0.6104832389715368,
    "Recall@10": 0.6930804473304474,
    "NDCG@10": 0.6336451522333829,
    "Recall@100": 0.891715367965368,
    "NDCG@100": 0.69079575566473
  }
}