{
  "metadata": {
    "run_id": "20260328_191443",
    "dataset": "nfcorpus",
    "method": "dense",
    "chunk_size": "chunk_256",
    "max_queries": 200,
    "n_docs": 5366,
    "n_queries": 200,
    "top_k": 100,
    "eval_top_k": [
      1,
      5,
      10,
      100
    ],
    "retrieval_time_seconds": 27.309,
    "config_elapsed_seconds": 29.03
  },
  "metrics": {
    "n_queries": 200,
    "MRR": 0.5334030251883306,
    "Recall@1": 0.04401526967841669,
    "NDCG@1": 0.4333333333333333,
    "Recall@5": 0.09836893243329159,
    "NDCG@5": 0.3780262309752224,
    "Recall@10": 0.1377786348725967,
    "NDCG@10": 0.34948127409807717,
    "Recall@100": 0.2608792479272013,
    "NDCG@100": 0.2928585869816795
  }
}