{
  "metadata": {
    "run_id": "20260328_191443",
    "dataset": "arguana",
    "method": "hybrid",
    "chunk_size": "chunk_256",
    "max_queries": 200,
    "n_docs": 9885,
    "n_queries": 200,
    "top_k": 100,
    "eval_top_k": [
      1,
      5,
      10,
      100
    ],
    "retrieval_time_seconds": 109.62,
    "config_elapsed_seconds": 110.554
  },
  "metrics": {
    "n_queries": 200,
    "MRR": 0.20421619510600472,
    "Recall@1": 0.0,
    "NDCG@1": 0.0,
    "Recall@5": 0.44,
    "NDCG@5": 0.23067795583612738,
    "Recall@10": 0.615,
    "NDCG@10": 0.2881619035216332,
    "Recall@100": 0.9608333333333333,
    "NDCG@100": 0.36588928729770437
  }
}