{
  "metadata": {
    "run_id": "20260328_191443",
    "dataset": "dbpedia-entity",
    "method": "hybrid",
    "chunk_size": "original",
    "max_queries": 200,
    "n_docs": 4635922,
    "n_queries": 200,
    "top_k": 100,
    "eval_top_k": [
      1,
      5,
      10,
      100
    ],
    "retrieval_time_seconds": 11455.725,
    "config_elapsed_seconds": 11465.563
  },
  "metrics": {
    "n_queries": 200,
    "MRR": 0.8285072214292416,
    "Recall@1": 0.008281397726745859,
    "NDCG@1": 0.2950000000000002,
    "Recall@5": 0.03424562977147006,
    "NDCG@5": 0.2587472964195319,
    "Recall@10": 0.05906152075687961,
    "NDCG@10": 0.25721466917082114,
    "Recall@100": 0.2435822426783945,
    "NDCG@100": 0.3214633655208084
  }
}