{
  "metadata": {
    "run_id": "20260328_191443",
    "dataset": "fiqa",
    "method": "hybrid",
    "chunk_size": "chunk_512",
    "max_queries": 200,
    "n_docs": 59080,
    "n_queries": 200,
    "top_k": 100,
    "eval_top_k": [
      1,
      5,
      10,
      100
    ],
    "retrieval_time_seconds": 280.369,
    "config_elapsed_seconds": 281.2
  },
  "metrics": {
    "n_queries": 200,
    "MRR": 0.378570432467982,
    "Recall@1": 0.13238858363858363,
    "NDCG@1": 0.295,
    "Recall@5": 0.277741452991453,
    "NDCG@5": 0.2690852668104696,
    "Recall@10": 0.36275137362637366,
    "NDCG@10": 0.29677800215149147,
    "Recall@100": 0.6667716033966034,
    "NDCG@100": 0.37970181353198607
  }
}