{
  "metadata": {
    "run_id": "20260328_191443",
    "dataset": "fiqa",
    "method": "hybrid",
    "chunk_size": "original",
    "max_queries": 200,
    "n_docs": 57638,
    "n_queries": 200,
    "top_k": 100,
    "eval_top_k": [
      1,
      5,
      10,
      100
    ],
    "retrieval_time_seconds": 272.899,
    "config_elapsed_seconds": 273.97
  },
  "metrics": {
    "n_queries": 200,
    "MRR": 0.3783924094222259,
    "Recall@1": 0.13532936507936508,
    "NDCG@1": 0.295,
    "Recall@5": 0.28587896825396825,
    "NDCG@5": 0.2737227217010901,
    "Recall@10": 0.36943253968253975,
    "NDCG@10": 0.300801304746744,
    "Recall@100": 0.6757738095238094,
    "NDCG@100": 0.3848493257561072
  }
}