{
  "metadata": {
    "run_id": "20260328_191443",
    "dataset": "fiqa",
    "method": "sparse",
    "chunk_size": "chunk_256",
    "max_queries": 200,
    "n_docs": 66360,
    "n_queries": 200,
    "top_k": 100,
    "eval_top_k": [
      1,
      5,
      10,
      100
    ],
    "retrieval_time_seconds": 50.454,
    "config_elapsed_seconds": 50.576
  },
  "metrics": {
    "n_queries": 200,
    "MRR": 0.26568030089756056,
    "Recall@1": 0.08430952380952378,
    "NDCG@1": 0.21,
    "Recall@5": 0.15546031746031744,
    "NDCG@5": 0.16391735045073486,
    "Recall@10": 0.19778968253968254,
    "NDCG@10": 0.17661351189695126,
    "Recall@100": 0.3483534659784659,
    "NDCG@100": 0.21787608247911727
  }
}