{
  "metadata": {
    "run_id": "20260328_191443",
    "dataset": "nfcorpus",
    "method": "hybrid",
    "chunk_size": "original",
    "max_queries": 200,
    "n_docs": 3633,
    "n_queries": 200,
    "top_k": 100,
    "eval_top_k": [
      1,
      5,
      10,
      100
    ],
    "retrieval_time_seconds": 24.232,
    "config_elapsed_seconds": 24.918
  },
  "metrics": {
    "n_queries": 200,
    "MRR": 0.590536578986345,
    "Recall@1": 0.06550643746114228,
    "NDCG@1": 0.5033333333333333,
    "Recall@5": 0.14370874825472685,
    "NDCG@5": 0.41396222797075155,
    "Recall@10": 0.17055995408111851,
    "NDCG@10": 0.37316309826868777,
    "Recall@100": 0.2900312463025306,
    "NDCG@100": 0.3200667345636606
  }
}