{
  "metadata": {
    "run_id": "20260328_191443",
    "dataset": "nfcorpus",
    "method": "dense",
    "chunk_size": "chunk_512",
    "max_queries": 200,
    "n_docs": 3664,
    "n_queries": 200,
    "top_k": 100,
    "eval_top_k": [
      1,
      5,
      10,
      100
    ],
    "retrieval_time_seconds": 23.23,
    "config_elapsed_seconds": 24.861
  },
  "metrics": {
    "n_queries": 200,
    "MRR": 0.5402453274096998,
    "Recall@1": 0.05077631740243078,
    "NDCG@1": 0.45,
    "Recall@5": 0.11860103884892575,
    "NDCG@5": 0.37205719782554114,
    "Recall@10": 0.16570139789709554,
    "NDCG@10": 0.34323683007381683,
    "Recall@100": 0.2917697131258988,
    "NDCG@100": 0.29821071923779185
  }
}