{
  "metadata": {
    "run_id": "20260328_191443",
    "dataset": "nfcorpus",
    "method": "sparse",
    "chunk_size": "chunk_128",
    "max_queries": 200,
    "n_docs": 8882,
    "n_queries": 200,
    "top_k": 100,
    "eval_top_k": [
      1,
      5,
      10,
      100
    ],
    "retrieval_time_seconds": 1.015,
    "config_elapsed_seconds": 1.043
  },
  "metrics": {
    "n_queries": 200,
    "MRR": 0.5451840748329961,
    "Recall@1": 0.0324129450091847,
    "NDCG@1": 0.45833333333333326,
    "Recall@5": 0.09669132683810336,
    "NDCG@5": 0.4108638887427309,
    "Recall@10": 0.11544177140157981,
    "NDCG@10": 0.36631566048546654,
    "Recall@100": 0.1793038058030416,
    "NDCG@100": 0.26272081538822833
  }
}