{
  "metadata": {
    "run_id": "20260328_191443",
    "dataset": "fiqa",
    "method": "hybrid",
    "chunk_size": "chunk_256",
    "max_queries": 200,
    "n_docs": 66360,
    "n_queries": 200,
    "top_k": 100,
    "eval_top_k": [
      1,
      5,
      10,
      100
    ],
    "retrieval_time_seconds": 314.714,
    "config_elapsed_seconds": 315.528
  },
  "metrics": {
    "n_queries": 200,
    "MRR": 0.36032340290404086,
    "Recall@1": 0.09400992063492061,
    "NDCG@1": 0.26,
    "Recall@5": 0.24175414862914862,
    "NDCG@5": 0.24147232880078426,
    "Recall@10": 0.3131470612720613,
    "NDCG@10": 0.260757917538331,
    "Recall@100": 0.6064836274836274,
    "NDCG@100": 0.34417733106967746
  }
}