{
  "metadata": {
    "run_id": "20260328_191443",
    "dataset": "dbpedia-entity",
    "method": "sparse",
    "chunk_size": "chunk_128",
    "max_queries": 200,
    "n_docs": 4649872,
    "n_queries": 200,
    "top_k": 100,
    "eval_top_k": [
      1,
      5,
      10,
      100
    ],
    "retrieval_time_seconds": 1693.628,
    "config_elapsed_seconds": 1699.817
  },
  "metrics": {
    "n_queries": 200,
    "MRR": 0.8128846730224802,
    "Recall@1": 0.008117229237530348,
    "NDCG@1": 0.22666666666666668,
    "Recall@5": 0.03554412067341652,
    "NDCG@5": 0.20433918050462668,
    "Recall@10": 0.06041907898752503,
    "NDCG@10": 0.19643777826236267,
    "Recall@100": 0.21708980564328242,
    "NDCG@100": 0.23880463113516315
  }
}