{
  "metadata": {
    "run_id": "20260328_191443",
    "dataset": "scifact",
    "method": "dense",
    "chunk_size": "chunk_512",
    "max_queries": 200,
    "n_docs": 5233,
    "n_queries": 200,
    "top_k": 100,
    "eval_top_k": [
      1,
      5,
      10,
      100
    ],
    "retrieval_time_seconds": 33.492,
    "config_elapsed_seconds": 34.145
  },
  "metrics": {
    "n_queries": 200,
    "MRR": 0.6107268794533226,
    "Recall@1": 0.48208333333333336,
    "NDCG@1": 0.5,
    "Recall@5": 0.7236666666666666,
    "NDCG@5": 0.625673332419291,
    "Recall@10": 0.7868333333333334,
    "NDCG@10": 0.6478186029296483,
    "Recall@100": 0.9325,
    "NDCG@100": 0.679984355658002
  }
}