{
  "metadata": {
    "run_id": "20260328_191443",
    "dataset": "scifact",
    "method": "sparse",
    "chunk_size": "chunk_128",
    "max_queries": 200,
    "n_docs": 11848,
    "n_queries": 200,
    "top_k": 100,
    "eval_top_k": [
      1,
      5,
      10,
      100
    ],
    "retrieval_time_seconds": 4.415,
    "config_elapsed_seconds": 4.434
  },
  "metrics": {
    "n_queries": 200,
    "MRR": 0.6273401888928065,
    "Recall@1": 0.2301230158730159,
    "NDCG@1": 0.525,
    "Recall@5": 0.5505436507936509,
    "NDCG@5": 0.5323770271407914,
    "Recall@10": 0.6195656565656565,
    "NDCG@10": 0.5582677596383963,
    "Recall@100": 0.8097662337662338,
    "NDCG@100": 0.6134279011729042
  }
}