{
  "metadata": {
    "run_id": "20260328_191443",
    "dataset": "nfcorpus",
    "method": "sparse",
    "chunk_size": "original",
    "max_queries": 200,
    "n_docs": 3633,
    "n_queries": 200,
    "top_k": 100,
    "eval_top_k": [
      1,
      5,
      10,
      100
    ],
    "retrieval_time_seconds": 0.439,
    "config_elapsed_seconds": 0.454
  },
  "metrics": {
    "n_queries": 200,
    "MRR": 0.5594110421732253,
    "Recall@1": 0.06939783324024539,
    "NDCG@1": 0.4666666666666666,
    "Recall@5": 0.13392536873034827,
    "NDCG@5": 0.38460211099054875,
    "Recall@10": 0.16679806557257662,
    "NDCG@10": 0.34941101782602074,
    "Recall@100": 0.2271651584519546,
    "NDCG@100": 0.27773344731532873
  }
}