{
  "metadata": {
    "run_id": "20260328_191443",
    "dataset": "scifact",
    "method": "sparse",
    "chunk_size": "chunk_512",
    "max_queries": 200,
    "n_docs": 5233,
    "n_queries": 200,
    "top_k": 100,
    "eval_top_k": [
      1,
      5,
      10,
      100
    ],
    "retrieval_time_seconds": 2.121,
    "config_elapsed_seconds": 2.136
  },
  "metrics": {
    "n_queries": 200,
    "MRR": 0.6542335619154039,
    "Recall@1": 0.5279166666666666,
    "NDCG@1": 0.555,
    "Recall@5": 0.741,
    "NDCG@5": 0.6573565316240054,
    "Recall@10": 0.8001666666666667,
    "NDCG@10": 0.6781070532225186,
    "Recall@100": 0.9095833333333333,
    "NDCG@100": 0.7043807943278053
  }
}