{
  "metadata": {
    "run_id": "20260328_191443",
    "dataset": "fiqa",
    "method": "dense",
    "chunk_size": "chunk_512",
    "max_queries": 200,
    "n_docs": 59080,
    "n_queries": 200,
    "top_k": 100,
    "eval_top_k": [
      1,
      5,
      10,
      100
    ],
    "retrieval_time_seconds": 240.098,
    "config_elapsed_seconds": 241.001
  },
  "metrics": {
    "n_queries": 200,
    "MRR": 0.44621534952416325,
    "Recall@1": 0.16013113275613275,
    "NDCG@1": 0.345,
    "Recall@5": 0.33310304972804977,
    "NDCG@5": 0.3271199914098311,
    "Recall@10": 0.4217251498501499,
    "NDCG@10": 0.35344260072160566,
    "Recall@100": 0.6905433039183039,
    "NDCG@100": 0.4253377756671647
  }
}