{
  "metadata": {
    "run_id": "20260328_191443",
    "dataset": "dbpedia-entity",
    "method": "sparse",
    "chunk_size": "chunk_256",
    "max_queries": 200,
    "n_docs": 4637375,
    "n_queries": 200,
    "top_k": 100,
    "eval_top_k": [
      1,
      5,
      10,
      100
    ],
    "retrieval_time_seconds": 1706.962,
    "config_elapsed_seconds": 1713.558
  },
  "metrics": {
    "n_queries": 200,
    "MRR": 0.8128846730224802,
    "Recall@1": 0.008155866182446053,
    "NDCG@1": 0.22666666666666668,
    "Recall@5": 0.03572350394175644,
    "NDCG@5": 0.204862912805997,
    "Recall@10": 0.06076508766573867,
    "NDCG@10": 0.19615883592977512,
    "Recall@100": 0.2179563568512622,
    "NDCG@100": 0.2388408356378595
  }
}