{
  "metadata": {
    "run_id": "20260328_191443",
    "dataset": "dbpedia-entity",
    "method": "sparse",
    "chunk_size": "original",
    "max_queries": 200,
    "n_docs": 4635922,
    "n_queries": 200,
    "top_k": 100,
    "eval_top_k": [
      1,
      5,
      10,
      100
    ],
    "retrieval_time_seconds": 1677.278,
    "config_elapsed_seconds": 1682.639
  },
  "metrics": {
    "n_queries": 200,
    "MRR": 0.7986499686591635,
    "Recall@1": 0.0082411351359243,
    "NDCG@1": 0.22333333333333333,
    "Recall@5": 0.034676651181578644,
    "NDCG@5": 0.19232513427870926,
    "Recall@10": 0.05944572316268485,
    "NDCG@10": 0.19147299420798497,
    "Recall@100": 0.2192569926658099,
    "NDCG@100": 0.23483735774419745
  }
}