{
  "metadata": {
    "run_id": "20260328_191443",
    "dataset": "arguana",
    "method": "hybrid",
    "chunk_size": "chunk_128",
    "max_queries": 200,
    "n_docs": 15651,
    "n_queries": 200,
    "top_k": 100,
    "eval_top_k": [
      1,
      5,
      10,
      100
    ],
    "retrieval_time_seconds": 141.401,
    "config_elapsed_seconds": 142.324
  },
  "metrics": {
    "n_queries": 200,
    "MRR": 0.1913867527028437,
    "Recall@1": 0.0,
    "NDCG@1": 0.0,
    "Recall@5": 0.35,
    "NDCG@5": 0.18716624862734257,
    "Recall@10": 0.5304166666666666,
    "NDCG@10": 0.25048199706071084,
    "Recall@100": 0.9318333333333332,
    "NDCG@100": 0.34546764284454556
  }
}