{
  "metadata": {
    "run_id": "20260328_191443",
    "dataset": "fiqa",
    "method": "sparse",
    "chunk_size": "chunk_512",
    "max_queries": 200,
    "n_docs": 59080,
    "n_queries": 200,
    "top_k": 100,
    "eval_top_k": [
      1,
      5,
      10,
      100
    ],
    "retrieval_time_seconds": 43.924,
    "config_elapsed_seconds": 44.044
  },
  "metrics": {
    "n_queries": 200,
    "MRR": 0.2608586157804958,
    "Recall@1": 0.08461080586080584,
    "NDCG@1": 0.195,
    "Recall@5": 0.1918925518925519,
    "NDCG@5": 0.17859671260814788,
    "Recall@10": 0.24113461538461536,
    "NDCG@10": 0.19407821622057658,
    "Recall@100": 0.40961500999001,
    "NDCG@100": 0.23685994598889137
  }
}