{
  "metadata": {
    "run_id": "20260328_191443",
    "dataset": "dbpedia-entity",
    "method": "dense",
    "chunk_size": "original",
    "max_queries": 200,
    "n_docs": 4635922,
    "n_queries": 200,
    "top_k": 100,
    "eval_top_k": [
      1,
      5,
      10,
      100
    ],
    "retrieval_time_seconds": 9856.418,
    "config_elapsed_seconds": 9860.406
  },
  "metrics": {
    "n_queries": 200,
    "MRR": 0.736884130747873,
    "Recall@1": 0.006959735296117515,
    "NDCG@1": 0.29333333333333356,
    "Recall@5": 0.026750487513224095,
    "NDCG@5": 0.2503215738717283,
    "Recall@10": 0.0458689384404696,
    "NDCG@10": 0.24445560851790377,
    "Recall@100": 0.1689714014139702,
    "NDCG@100": 0.29022704230942464
  }
}