{
  "metadata": {
    "run_id": "20260328_191443",
    "dataset": "arguana",
    "method": "sparse",
    "chunk_size": "chunk_512",
    "max_queries": 200,
    "n_docs": 8744,
    "n_queries": 200,
    "top_k": 100,
    "eval_top_k": [
      1,
      5,
      10,
      100
    ],
    "retrieval_time_seconds": 52.437,
    "config_elapsed_seconds": 52.457
  },
  "metrics": {
    "n_queries": 200,
    "MRR": 0.1766237267804765,
    "Recall@1": 0.0,
    "NDCG@1": 0.0,
    "Recall@5": 0.3725,
    "NDCG@5": 0.19561806759520295,
    "Recall@10": 0.5725,
    "NDCG@10": 0.2616225609933682,
    "Recall@100": 0.7975,
    "NDCG@100": 0.3118262576737656
  }
}